date,total_value
2026-02-19,99672.30622337786
2026-02-20,101667.66292273595
2026-02-23,100000.98444517981
2026-02-24,101176.7704263205
2026-02-25,103725.58125362854
2026-02-26,100581.4579669885
2026-02-27,100574.99908096057
2026-03-02,100272.4521636501
2026-03-03,95900.25349272946
2026-03-04,98819.07091714958
2026-03-05,97077.74132742945
2026-03-06,92926.71035227129
2026-03-09,97644.54748015609
2026-03-10,97778.05442085807
2026-03-11,99278.57630914768
2026-03-12,97060.00215894115
2026-03-13,98436.41847737259
2026-03-16,102124.42116022181
2026-03-17,103617.05710161004
2026-03-18,101622.04497347878
2026-03-19,103539.25069268399
2026-03-20,98726.9658304884
2026-03-23,99679.90573444757
2026-03-24,100757.61710982517
2026-03-25,100886.96222774303
2026-03-26,95543.70045533623
2026-03-27,94687.05978758726
2026-03-30,91082.34697491134
2026-03-31,96040.26455700379
2026-04-01,98897.80170249462
2026-04-02,99121.7113755452
2026-04-06,101456.55260774687
2026-04-07,102861.5659837342
2026-04-08,107915.77698590531
2026-04-09,109233.76253349088
2026-04-10,108977.49441223564
2026-04-13,111178.91881846437
2026-04-14,112371.6204944956
2026-04-15,111357.02009229726
2026-04-16,112345.73600371918
2026-04-17,114814.53136186463
2026-04-20,115836.3687714153
2026-04-21,115654.39496031162
2026-04-22,118418.94536374997
2026-04-23,118881.94074043242
2026-04-24,121756.33795635878
2026-04-27,121219.12502671832
2026-04-28,118684.89528366402
2026-04-29,121520.39956641654
2026-04-30,126000.64328887343
2026-05-01,127928.9029347846
2026-05-04,127886.26497826775
2026-05-05,134369.56963891265
2026-05-06,138845.49133331247
2026-05-07,135251.73136633917
2026-05-08,141967.89655400466
2026-05-11,145962.561618576
2026-05-12,142610.5567572472
2026-05-13,146629.91287994903
2026-05-14,147912.1515191297
2026-05-15,145310.9471689403
2026-05-18,143405.53568095525
2026-05-19,142662.90346582705
2026-05-20,145839.79426631948
2026-05-21,149432.5158293276
